{"cameraMode":{"drawMode":0,"name":"Shaded","section":"Shading Mode"},"sceneLighting":false,"audioPlay":false,"sceneViewState":{"m_AlwaysRefresh":false,"showFog":true,"showSkybox":false,"showFlares":true,"showImageEffects":true,"showParticleSystems":true,"showVisualEffectGraphs":true,"m_FxEnabled":true},"in2DMode":false,"pivot":{"x":-6.920760631561279,"y":6.006979465484619,"z":38.423858642578128},"rotation":{"x":0.014396285638213158,"y":-0.9855256080627441,"z":0.11283902078866959,"w":0.12573641538619996},"size":0.3187966048717499,"orthographic":false}