{"cameraMode":{"drawMode":0,"name":"Shaded","section":"Shading Mode"},"sceneLighting":false,"audioPlay":false,"sceneViewState":{"m_AlwaysRefresh":false,"showFog":true,"showSkybox":false,"showFlares":true,"showImageEffects":true,"showParticleSystems":true,"showVisualEffectGraphs":true,"m_FxEnabled":true},"in2DMode":false,"pivot":{"x":-6.848516464233398,"y":6.934713840484619,"z":45.746639251708987},"rotation":{"x":0.00976357888430357,"y":-0.9899469017982483,"z":0.11184066534042359,"w":0.08635055273771286},"size":0.07071094959974289,"orthographic":false}