{"cameraMode":{"drawMode":0,"name":"Shaded","section":"Shading Mode"},"sceneLighting":true,"audioPlay":false,"sceneViewState":{"m_AlwaysRefresh":false,"showFog":true,"showSkybox":true,"showFlares":true,"showImageEffects":true,"showParticleSystems":true,"showVisualEffectGraphs":true,"m_FxEnabled":true},"in2DMode":false,"pivot":{"x":2.4262967109680177,"y":-13.07311725616455,"z":67.4279556274414},"rotation":{"x":0.08130034059286118,"y":0.004353269003331661,"z":0.0008891901234164834,"w":0.9976524710655212},"size":57.51216506958008,"orthographic":false}