{"cameraMode":{"drawMode":0,"name":"Shaded","section":"Shading Mode"},"sceneLighting":false,"audioPlay":false,"sceneViewState":{"m_AlwaysRefresh":false,"showFog":true,"showSkybox":true,"showFlares":true,"showImageEffects":true,"showParticleSystems":true,"showVisualEffectGraphs":true,"m_FxEnabled":true},"in2DMode":false,"pivot":{"x":-20.759239196777345,"y":-0.8859825134277344,"z":75.94911193847656},"rotation":{"x":-0.18691454827785493,"y":0.19771897792816163,"z":-0.038435328751802447,"w":-0.9615174531936646},"size":12.572911262512207,"orthographic":false}