{"cameraMode":{"drawMode":0,"name":"Shaded","section":"Shading Mode"},"sceneLighting":true,"audioPlay":false,"sceneViewState":{"m_AlwaysRefresh":false,"showFog":true,"showSkybox":true,"showFlares":true,"showImageEffects":true,"showParticleSystems":true,"showVisualEffectGraphs":true,"m_FxEnabled":true},"in2DMode":false,"pivot":{"x":0.7969314455986023,"y":-0.5203810930252075,"z":1.6360641717910767},"rotation":{"x":0.24176271259784699,"y":-0.21928001940250398,"z":0.05628080666065216,"w":0.9437201619148254},"size":2.3677892684936525,"orthographic":false}