{"cameraMode":{"drawMode":0,"name":"Shaded","section":"Shading Mode"},"sceneLighting":true,"audioPlay":false,"sceneViewState":{"m_AlwaysRefresh":false,"showFog":true,"showSkybox":false,"showFlares":true,"showImageEffects":true,"showParticleSystems":true,"showVisualEffectGraphs":true,"m_FxEnabled":true},"in2DMode":false,"pivot":{"x":-1.9738998413085938,"y":1.0791015625,"z":-1.1573009490966797},"rotation":{"x":-0.049812156707048419,"y":-0.009229614399373532,"z":0.00003358607136760838,"w":-0.9991286993026733},"size":109.11920166015625,"orthographic":false}